Transaction ID,Customer ID,Gender,Age,Product Category,Quantity,Price per Unit,Total Amount,Month,Day of Week,Demand Elasticity,Competitor Pricing
1,CUST001,Male,34,0,3,50,150,11,4,1.0618101782710436,43.70265857677239
2,CUST002,Female,26,1,2,500,1000,2,0,1.9260714596148742,508.38018947567167
3,CUST003,Male,50,2,1,30,30,1,4,1.5979909127171077,34.4753500305169
4,CUST004,Male,37,1,1,500,500,5,6,1.397987726295555,546.4449772819122
5,CUST005,Male,30,0,2,50,100,5,5,0.7340279606636548,56.131222957228985
6,CUST006,Female,45,0,1,30,30,4,1,0.7339917805043039,31.90540040052861
7,CUST007,Male,46,1,2,25,50,3,0,0.5871254182522991,26.922765645178526
8,CUST008,Male,30,2,4,25,100,2,2,1.7992642186624028,28.491956515653193
9,CUST009,Male,63,2,2,300,600,12,2,1.4016725176148133,269.9601610631023
10,CUST010,Female,52,1,4,50,200,10,5,1.5621088666940683,49.78849927286281
11,CUST011,Male,23,1,2,50,100,2,1,0.5308767414437037,44.42418883639205
12,CUST012,Male,35,0,3,25,75,10,0,1.9548647782429915,29.876680079966466
13,CUST013,Male,22,2,3,500,1500,8,5,1.7486639612006325,588.8118679373226
14,CUST014,Male,64,1,4,30,120,1,1,0.8185086660174142,24.473121736422073
15,CUST015,Female,42,2,4,500,2000,1,0,0.7727374508106509,541.1150345031377
16,CUST016,Male,19,1,3,500,1500,2,4,0.7751067647801507,585.0496634831331
17,CUST017,Female,27,1,4,25,100,4,5,0.9563633644393066,21.805753451273336
18,CUST018,Female,47,2,2,25,50,4,6,1.2871346474483567,25.679452305526297
19,CUST019,Female,62,1,2,25,50,9,5,1.1479175279631737,29.15488297588042
20,CUST020,Male,22,1,3,300,900,11,6,0.9368437102970628,244.07351743029585
21,CUST021,Female,50,0,1,500,500,1,5,1.4177793420835691,539.484053449368
22,CUST022,Male,18,1,2,50,100,10,6,0.7092407909780627,45.946980147451015
23,CUST023,Female,35,1,4,30,120,4,2,0.9382169728028272,35.09275434451836
24,CUST024,Female,49,1,1,300,300,11,2,1.0495427649405376,356.52698941984414
25,CUST025,Female,64,0,1,50,50,12,1,1.1841049763255538,58.885329782268684
26,CUST026,Female,28,2,2,500,1000,10,5,1.6777639420895203,494.84284333149276
27,CUST027,Female,38,0,2,25,50,8,3,0.7995106732375397,28.620426509893132
28,CUST028,Female,43,0,1,500,500,4,6,1.2713516576204174,568.909879707014
29,CUST029,Female,42,2,1,30,30,8,4,1.3886218532930636,27.82920567891907
30,CUST030,Female,39,0,3,300,900,10,6,0.5696756190799965,339.4698568980813
31,CUST031,Male,44,2,4,300,1200,5,1,1.4113172778521577,244.44091616585914
32,CUST032,Male,30,0,3,30,90,1,2,0.7557861855309373,31.155238541784637
33,CUST033,Female,50,2,2,50,100,3,3,0.5975773894779193,44.60017674575406
34,CUST034,Female,51,1,3,50,150,12,6,1.92332830588,42.41133771554558
35,CUST035,Female,58,0,3,300,900,8,5,1.948448049611839,249.2343841955051
36,CUST036,Male,52,0,3,300,900,6,5,1.7125960221746916,323.55465310537676
37,CUST037,Female,18,0,3,25,75,5,1,0.9569206537600561,23.39874963768066
38,CUST038,Male,38,0,4,50,200,3,1,0.6465081710095758,54.49533543057523
39,CUST039,Male,23,1,4,30,120,4,4,1.5263495397682354,24.784276089587312
40,CUST040,Male,45,0,1,50,50,6,3,1.1602287406094018,46.305806756612206
41,CUST041,Male,34,1,2,25,50,2,2,0.6830573522671682,25.39491292375337
42,CUST042,Male,22,1,3,300,900,2,4,1.2427653651669053,334.8867797806756
43,CUST043,Female,48,1,1,300,300,7,4,0.5515827816728276,278.2503003518484
44,CUST044,Female,22,1,1,25,25,2,6,1.8639806031181732,26.25891376437009
45,CUST045,Female,55,2,1,30,30,7,0,0.8881699724000254,34.63173297883424
46,CUST046,Female,20,2,4,300,1200,6,0,1.4937834265309728,313.90358258187655
47,CUST047,Female,40,0,3,500,1500,11,0,0.9675666141341164,446.5918949507268
48,CUST048,Male,54,2,3,300,900,5,1,1.2801020317667162,242.9280937867846
49,CUST049,Female,54,2,2,500,1000,1,0,1.3200654190149195,574.0197747801859
50,CUST050,Female,27,0,3,25,75,8,3,0.7772816832882905,20.21269410850387
51,CUST051,Male,27,0,3,25,75,10,0,1.9543769416468377,28.747016726841995
52,CUST052,Female,36,0,1,300,300,3,6,1.6626992350416718,303.47245608326546
53,CUST053,Male,34,2,2,50,100,7,3,1.9092484123462836,58.781353970257925
54,CUST054,Female,38,2,3,500,1500,2,4,1.8422410256414732,559.7566471547331
55,CUST055,Male,31,0,4,30,120,10,1,1.3968499682166278,35.97520932640005
56,CUST056,Female,26,1,3,300,900,5,2,1.8828113525346752,282.0854178542052
57,CUST057,Female,63,0,1,30,30,11,5,0.6327387530778792,33.20625946717352
58,CUST058,Male,18,1,4,300,1200,11,0,0.7939742936287177,288.23170963310906
59,CUST059,Male,62,1,1,50,50,7,2,0.5678409333658071,49.597512406078174
60,CUST060,Male,30,0,3,50,150,10,0,0.9879954961448965,52.55010926436741
61,CUST061,Male,21,0,4,50,200,4,6,1.083015934534223,57.47354228372677
62,CUST062,Male,18,0,2,50,100,12,2,0.9070235476608439,59.681669383985906
63,CUST063,Male,57,2,2,25,50,2,6,1.743106263727894,27.68273413864518
64,CUST064,Male,49,1,4,25,100,1,1,1.0351299900403839,24.17766782167334
65,CUST065,Male,51,2,4,500,2000,12,1,0.9214017645310711,484.27140045541404
66,CUST066,Female,45,2,1,30,30,4,3,1.3140441247373726,32.85098761906669
67,CUST067,Female,48,0,4,300,1200,5,0,0.711386337462144,268.65325749219625
68,CUST068,Male,25,2,1,300,300,2,4,1.7032954711310595,253.25689357576738
69,CUST069,Female,56,0,3,25,75,4,6,0.6118259655196563,23.546221576407767
70,CUST070,Female,43,1,1,300,300,2,1,1.980330404900776,274.4686789984898
71,CUST071,Female,51,0,4,25,100,7,4,1.6583671539449862,22.963081204559902
72,CUST072,Female,20,2,4,500,2000,5,1,0.7980735223012586,446.721550209982
73,CUST073,Male,29,2,3,30,90,8,0,0.5082831756854036,24.505118275636345
74,CUST074,Female,18,0,4,500,2000,11,2,1.7231921426822512,403.5747869466828
75,CUST075,Male,61,0,4,50,200,7,3,1.5602860157714256,59.75444779472063
76,CUST076,Female,22,2,2,50,100,3,5,1.5935107520614809,48.55546267471725
77,CUST077,Female,47,1,2,50,100,7,6,1.6569055200289187,47.68653294319363
78,CUST078,Female,47,1,3,500,1500,7,5,0.6110669776011355,535.9294565386139
79,CUST079,Male,34,0,1,300,300,4,1,1.0376985928164089,266.1904665438077
80,CUST080,Female,64,1,2,30,60,12,6,0.6738035892876946,35.399534207402695
81,CUST081,Male,40,2,1,50,50,5,2,1.7946551388133902,55.72690028831104
82,CUST082,Female,32,0,4,50,200,12,1,1.4349471902413369,41.78822004624519
83,CUST083,Male,54,2,2,50,100,12,5,0.9963470372789738,48.35161551569856
84,CUST084,Female,38,2,3,30,90,11,1,0.5953375254290354,34.54941969074598
85,CUST085,Male,31,1,3,50,150,2,0,0.9664734825734933,58.89464044582821
86,CUST086,Male,19,0,3,30,90,11,2,0.9877749830401206,29.608818134998437
87,CUST087,Female,28,0,2,50,100,11,2,1.5944092675070962,52.26822778421415
88,CUST088,Male,56,1,1,500,500,3,2,1.4563362070328196,433.4067892184151
89,CUST089,Female,55,2,4,500,2000,10,6,1.8308191138644898,598.2337252273952
90,CUST090,Female,51,2,1,30,30,5,5,1.2083223877429239,26.78006041660132
91,CUST091,Female,55,2,1,500,500,3,5,0.6793913689074526,588.5463548270251
92,CUST092,Female,51,2,4,30,120,8,4,1.5698671808344926,31.795759787908423
93,CUST093,Female,35,0,4,500,2000,7,4,1.6411775729253462,521.5473589757718
94,CUST094,Female,47,0,2,500,1000,5,4,1.3419157963542443,502.53770220330176
95,CUST095,Female,32,1,2,30,60,11,4,1.6564507699318414,26.768037740613103
96,CUST096,Female,44,1,2,300,600,12,1,1.2406933945465861,261.183363840661
97,CUST097,Female,51,0,2,500,1000,10,4,1.284099244072991,444.0972418140351
98,CUST098,Female,55,0,2,50,100,4,6,1.1413115275378245,43.72876524288509
99,CUST099,Female,50,2,4,300,1200,12,6,0.5381286901161428,333.55013682801035
100,CUST100,Male,41,2,1,30,30,6,4,0.6618371404899567,28.20150311000076
101,CUST101,Male,32,1,2,300,600,1,6,0.5471437785301014,246.94112118760756
102,CUST102,Female,47,0,2,25,50,4,4,1.4546156168956705,29.69102630140811
103,CUST103,Female,59,1,1,25,25,1,1,0.97153397161449,28.83785884963426
104,CUST104,Female,34,0,2,500,1000,6,6,1.262856036747054,585.5504566390426
105,CUST105,Female,22,2,1,500,500,7,1,1.8613497108891395,598.9815645292871
106,CUST106,Female,46,1,1,50,50,5,3,0.8739383437233124,43.477904984389745
107,CUST107,Female,21,1,4,300,1200,2,4,1.1155743845534447,287.54904226831906
108,CUST108,Female,27,0,3,25,75,4,2,1.633326707814573,27.582384757040913
109,CUST109,Female,34,2,4,500,2000,10,2,0.8431972482374337,539.2041236107584
110,CUST110,Male,27,1,3,300,900,6,6,0.6154698647431895,258.4675087607826
111,CUST111,Female,34,2,3,500,1500,4,2,0.934627179370652,563.1666249981236
112,CUST112,Male,37,1,3,500,1500,12,5,0.7418319308810066,444.88811436733215
113,CUST113,Female,41,2,2,25,50,9,2,1.8945464785138597,22.238176148226234
114,CUST114,Female,22,0,4,25,100,7,5,1.7121805693466254,25.369744228934138
115,CUST115,Male,51,1,3,500,1500,11,6,1.4501056347656351,518.5879869683406
116,CUST116,Female,23,1,1,30,30,8,2,1.8071908852815766,30.961034494053735
117,CUST117,Male,19,2,2,500,1000,3,2,1.7055081153486717,418.297367479551
118,CUST118,Female,30,2,4,500,2000,5,1,0.7798550883290538,575.492172526076
119,CUST119,Female,60,1,3,50,150,3,0,1.8388384977349665,45.31200085177412
120,CUST120,Male,60,0,1,50,50,5,6,1.3090133628734761,42.59029842565609
121,CUST121,Female,28,2,4,50,200,10,6,1.7111602327460937,57.77496159737954
122,CUST122,Male,64,2,4,30,120,10,1,1.8441369498852398,35.46781797875704
123,CUST123,Female,40,2,2,30,60,5,0,0.9770052124577958,34.34553140718541
124,CUST124,Male,33,1,4,500,2000,10,4,0.6650778867915151,561.9032149449756
125,CUST125,Male,48,1,2,50,100,8,1,0.8419027438129125,53.10483961278043
126,CUST126,Female,28,1,3,30,90,10,3,1.1406616829393845,30.61028844730967
127,CUST127,Female,33,1,2,25,50,7,0,1.7270221488837396,20.8698675991141
128,CUST128,Male,25,0,1,500,500,7,2,1.7910958748845152,481.69064261413973
129,CUST129,Female,21,0,2,300,600,4,6,0.510428195796786,284.7226220414777
130,CUST130,Female,57,1,1,500,500,3,6,1.2661209538663485,451.9507567520653
131,CUST131,Female,21,0,2,300,600,9,0,1.1261165047231685,326.8104136426302
132,CUST132,Male,42,2,4,50,200,9,6,0.8331617157060953,49.91751470157541
133,CUST133,Male,20,2,3,300,900,2,3,0.6797980510005242,249.72554590891778
134,CUST134,Male,49,2,1,50,50,1,2,1.006422757105442,44.403664038996226
135,CUST135,Male,20,1,2,25,50,2,6,1.9143645558687787,26.83258763659596
136,CUST136,Male,44,2,2,300,600,3,0,0.9848043980311328,249.13570313883602
137,CUST137,Male,46,0,2,500,1000,11,5,1.278185932615049,570.2413828097536
138,CUST138,Male,49,1,4,50,200,3,3,1.5545284383427669,49.90293054027949
139,CUST139,Male,36,0,4,500,2000,12,4,1.045444403568941,496.1173154653296
140,CUST140,Male,38,2,1,30,30,8,5,1.957673124081441,31.108893415914213
141,CUST141,Female,22,2,1,50,50,11,3,1.9436709424131668,56.49361931850299
142,CUST142,Male,35,2,4,300,1200,2,3,0.8776734437380462,281.73710494826315
143,CUST143,Female,45,1,1,50,50,7,0,1.245872758838578,53.56032305118127
144,CUST144,Female,59,0,3,500,1500,7,5,0.9513174647251545,513.1463927991582
145,CUST145,Female,39,1,3,25,75,11,3,0.9272607415662014,22.670282701694212
146,CUST146,Male,38,1,4,50,200,8,0,0.5553304210317992,57.57259972710316
147,CUST147,Male,23,2,1,300,300,9,3,1.4143465009698453,335.69112259283133
148,CUST148,Male,18,1,2,30,60,5,1,1.2540185348432922,31.9014220159011
149,CUST149,Male,22,1,3,25,75,10,2,0.5772181268749841,28.50581729094242
150,CUST150,Female,58,2,4,30,120,1,4,0.9179696963549171,34.40753041151763
151,CUST151,Male,29,1,1,50,50,12,4,1.8623988289499804,54.16725953430069
152,CUST152,Male,43,2,4,500,2000,2,1,0.8593428360004587,567.4026656727344
153,CUST153,Male,63,2,2,500,1000,12,5,0.7173423081368346,539.4942923338567
154,CUST154,Male,51,2,3,300,900,10,0,1.2341791404163445,321.61689261123604
155,CUST155,Male,31,2,4,500,2000,5,2,1.978475681165901,523.7222756430368
156,CUST156,Female,43,1,4,25,100,11,5,0.8630829072672506,27.527166395576412
157,CUST157,Male,62,2,4,500,2000,6,5,1.5082033211088177,431.7210210586148
158,CUST158,Female,44,2,2,300,600,2,0,1.6424294229930765,345.7044911038714
159,CUST159,Male,26,1,4,50,200,5,2,0.8564563159885995,57.43687055490464
160,CUST160,Female,43,1,2,50,100,8,4,1.5923245229177894,40.58494566069118
161,CUST161,Male,64,0,2,500,1000,3,2,1.05167469907888,565.1633501129525
162,CUST162,Male,39,1,2,30,60,8,0,1.4484587458903693,25.546438409681343
163,CUST163,Female,64,1,3,50,150,1,0,1.450294566141342,46.70237708518284
164,CUST164,Female,47,0,3,500,1500,5,0,1.3036620261121377,548.7016512583216
165,CUST165,Female,60,1,4,300,1200,9,3,0.6354346550816125,259.291187525797
166,CUST166,Male,34,1,4,500,2000,4,6,1.752953743383857,563.5934048238125
167,CUST167,Female,43,1,3,50,150,9,6,0.9811700974576038,56.64268355915484
168,CUST168,Male,53,1,1,300,300,2,4,0.7797777655997813,300.89612805130037
169,CUST169,Male,18,0,3,500,1500,11,4,0.5611627123321459,401.2771743433667
170,CUST170,Female,25,1,2,25,50,6,4,1.3863394147823627,22.87038133174913
171,CUST171,Female,52,1,3,300,900,11,4,1.5163465427634235,314.03123020508906
172,CUST172,Male,32,0,2,25,50,9,6,0.5248817433917843,29.811861780274235
173,CUST173,Male,64,2,4,30,120,11,2,1.2681395874489214,31.581762324200017
174,CUST174,Female,39,0,1,300,300,4,2,0.8397436627969069,271.1764297276992
175,CUST175,Female,31,2,4,25,100,3,0,1.4677591856141747,26.34005703099611
176,CUST176,Female,43,0,2,50,100,7,1,0.7615496435074871,50.79970759431711
177,CUST177,Male,45,0,2,50,100,3,4,1.5364066071536988,55.596907903022874
178,CUST178,Male,40,1,2,30,60,10,2,1.0801030194508061,25.283767665923502
179,CUST179,Male,31,2,1,300,300,9,4,1.9050949831051018,331.32334830024337
180,CUST180,Male,41,1,3,300,900,1,6,0.7062814162189899,304.9519894411332
181,CUST181,Male,19,2,4,300,1200,11,4,1.0115995265753877,355.5590404630794
182,CUST182,Male,62,0,4,30,120,6,3,0.6702102818608836,28.102465992464232
183,CUST183,Female,43,0,3,300,900,9,4,1.887040427417844,315.91462717607374
184,CUST184,Male,31,2,4,50,200,1,1,1.8160090300714715,58.64056211020034
185,CUST185,Male,24,1,1,25,25,2,0,0.8869124415727334,21.02509727990679
186,CUST186,Male,20,1,4,50,200,7,2,1.4899760690512687,58.74456974472903
187,CUST187,Female,64,1,2,50,100,6,2,1.7258333003018238,53.757714446016266
188,CUST188,Male,40,1,3,25,75,5,2,1.3328012173991934,20.67837059105172
189,CUST189,Male,63,0,1,50,50,1,0,1.2944758675340098,46.01927133893632
190,CUST190,Female,60,0,3,30,90,5,3,0.8627784363506775,32.498065063743375
191,CUST191,Male,64,0,1,25,25,10,2,0.6396541517088488,20.673506014687717
192,CUST192,Male,62,0,2,50,100,2,4,1.84582363692999,51.64340920352547
193,CUST193,Male,35,0,3,500,1500,2,0,1.8506270857449958,469.17661139059135
194,CUST194,Male,55,1,4,50,200,9,2,1.4496521859099019,52.41831035534954
195,CUST195,Male,52,1,1,30,30,2,6,1.008544686573051,24.548904405750154
196,CUST196,Female,32,1,3,300,900,9,5,1.0238143619189914,344.58441673828514
197,CUST197,Female,42,1,4,50,200,3,0,1.588933518305359,59.46977938354794
198,CUST198,Female,54,0,3,300,900,3,1,1.8456653899288655,356.265342634283
199,CUST199,Male,45,0,3,500,1500,12,0,1.830629636397676,549.9303663485849
200,CUST200,Male,27,0,3,50,150,9,4,1.669813318786436,42.60172480261264
201,CUST201,Male,56,2,1,25,25,10,0,1.4630474692314317,27.582631959290225
202,CUST202,Female,34,1,4,300,1200,3,6,0.6262099474925733,242.95042997505618
203,CUST203,Male,56,1,2,500,1000,5,1,0.7424430711419207,404.42471030579947
204,CUST204,Male,39,0,1,25,25,9,3,1.847831282790619,23.236102191495412
205,CUST205,Female,43,1,1,25,25,11,1,1.4096435894893848,24.886431904046656
206,CUST206,Male,61,1,1,25,25,8,5,0.5137955774249445,27.70407417807793
207,CUST207,Female,42,0,2,25,50,4,2,0.6522073142990481,26.83295376606505
208,CUST208,Female,34,2,4,50,200,10,2,1.4952526536620838,48.918054127534965
209,CUST209,Female,30,2,4,50,200,12,2,0.507592375769328,45.47253332563332
210,CUST210,Male,37,2,4,50,200,4,3,0.741212077126248,59.94249000315421
211,CUST211,Male,42,0,3,500,1500,1,0,1.3231006840498791,485.2362604471946
212,CUST212,Male,21,1,3,500,1500,6,4,1.53784279653904,490.27740486593507
213,CUST213,Male,27,0,3,500,1500,7,0,1.4779418892539007,432.7247642383338
214,CUST214,Male,20,0,2,30,60,12,6,0.8364039641908396,33.53771458499915
215,CUST215,Male,58,1,3,500,1500,11,2,1.5682688320213038,538.7364451562977
216,CUST216,Male,62,2,2,50,100,7,1,0.8558736312452001,44.41539225577521
217,CUST217,Female,35,2,4,50,200,8,6,0.9880995472389016,41.64762091231686
218,CUST218,Male,64,0,3,30,90,9,4,1.6197371076770362,32.165991624896556
219,CUST219,Female,53,2,3,30,90,8,6,1.4744493485708219,31.85413457137362
220,CUST220,Male,64,0,1,500,500,3,4,1.7738351157412668,454.6519053996419
221,CUST221,Male,39,0,2,300,600,5,6,1.486419338450515,354.1036274700492
222,CUST222,Male,51,1,4,30,120,4,2,1.3524629050032075,25.812694701370805
223,CUST223,Female,64,1,1,25,25,2,3,0.6405121517421387,24.32334801042602
224,CUST224,Female,25,1,1,50,50,6,4,1.0515737045891502,58.872318403351976
225,CUST225,Female,57,0,4,25,100,1,2,0.8978035515225882,24.197273169261223
226,CUST226,Female,61,1,1,50,50,10,6,0.8659844650686254,52.77051895328171
227,CUST227,Male,36,2,2,50,100,10,2,1.9595158321286683,47.951887959255885
228,CUST228,Female,59,2,2,30,60,4,4,1.0896465870001406,27.29058242818404
229,CUST229,Male,58,0,3,30,90,10,6,1.83806983276567,35.80773177551794
230,CUST230,Male,54,0,1,25,25,4,6,1.4467079389958943,24.093340063150432
231,CUST231,Female,23,1,3,50,150,1,2,1.6922169553124726,57.88198407358269
232,CUST232,Female,43,0,1,25,25,2,0,1.2539556396577882,22.299546058910863
233,CUST233,Female,51,0,2,300,600,12,4,1.3653558269395387,265.57256448301
234,CUST234,Female,62,2,2,25,50,11,0,1.2387765407282958,20.311340828845115
235,CUST235,Female,23,2,2,500,1000,1,1,0.7928644816970667,530.3333650751771
236,CUST236,Female,54,1,1,25,25,4,4,1.583678172892258,23.685263437237612
237,CUST237,Female,50,0,2,500,1000,2,5,0.9211585436612837,572.8716499679274
238,CUST238,Female,39,0,1,500,500,1,1,0.5364739496471808,494.64198133831144
239,CUST239,Male,38,2,3,500,1500,6,0,1.4682084438607517,593.6386855829443
240,CUST240,Female,23,0,1,300,300,2,0,0.7656660191105734,262.26306188437457
241,CUST241,Female,23,2,3,25,75,9,3,1.9106878765293716,28.68623167955611
242,CUST242,Male,21,1,1,25,25,5,1,1.930892865503881,27.765968527917416
243,CUST243,Female,47,2,3,300,900,5,1,1.8722965853306728,332.51062135728625
244,CUST244,Male,28,0,2,50,100,12,5,1.0552380503831666,56.89566456233776
245,CUST245,Male,47,1,3,30,90,9,2,0.5231849247933011,33.13228789131599
246,CUST246,Female,48,2,2,25,50,4,3,1.8924778438815881,26.262203216314152
247,CUST247,Male,41,2,2,30,60,10,2,1.1422762224759715,25.574938532188654
248,CUST248,Male,26,1,3,300,900,3,3,1.9499822285655044,243.90314153895022
249,CUST249,Male,20,1,1,50,50,10,4,1.9454299656338794,58.41695695631374
250,CUST250,Male,48,2,1,50,50,10,0,1.7795141832010402,52.333006290414765
251,CUST251,Female,57,0,4,50,200,8,3,0.9416733381043785,55.93074581952353
252,CUST252,Male,54,2,1,300,300,5,4,1.0776465929028878,297.782682181506
253,CUST253,Female,53,1,4,500,2000,8,3,1.7767050072752855,423.46163779247894
254,CUST254,Male,41,2,1,500,500,7,4,0.9753830077344166,425.0371584405101
255,CUST255,Male,48,1,1,30,30,4,5,0.7542391200291387,32.22678344674766
256,CUST256,Male,23,1,2,500,1000,2,5,1.3352018936875252,486.06117897989253
257,CUST257,Male,19,0,4,500,2000,2,6,1.9042321612411715,440.1049453400674
258,CUST258,Female,37,1,1,50,50,12,0,1.5440446950124596,49.831890934828735
259,CUST259,Female,45,1,4,50,200,8,2,1.3550917551340476,41.284178741502686
260,CUST260,Male,28,0,2,30,60,7,5,0.6457647406561529,30.983656822972783
261,CUST261,Male,21,1,2,25,50,8,5,1.4225108400487545,22.689934044350977
262,CUST262,Female,32,0,4,30,120,7,6,1.985080775156395,33.57070920764626
263,CUST263,Male,23,0,2,30,60,8,0,0.7101260228547861,27.724343507082885
264,CUST264,Male,47,1,3,300,900,1,5,1.277494478545605,294.62641788981614
265,CUST265,Male,55,1,3,300,900,12,0,1.816059607891933,241.3944647889721
266,CUST266,Female,19,2,2,30,60,12,4,1.6111529266313067,24.869362653534708
267,CUST267,Female,32,0,3,30,90,11,0,1.5455236114929018,28.70992267688022
268,CUST268,Female,28,2,1,30,30,2,0,1.5537261259806638,29.759266016605483
269,CUST269,Male,25,1,4,500,2000,2,2,1.0392367268296328,520.0041096238608
270,CUST270,Male,43,2,1,300,300,7,2,0.94038776639674,274.9995094451164
271,CUST271,Female,62,0,4,30,120,6,4,1.7140417332177704,32.33978263351851
272,CUST272,Female,61,2,2,50,100,2,5,1.7151700920187711,57.20244794378409
273,CUST273,Female,22,0,1,50,50,5,0,1.8006084778701554,55.597019777867
274,CUST274,Female,23,1,2,500,1000,4,6,1.869860828834707,407.92376506967145
275,CUST275,Male,43,1,2,500,1000,4,5,1.2670135982914066,496.1013894515658
276,CUST276,Female,21,0,4,25,100,10,0,1.2522744420307994,21.04930178418175
277,CUST277,Male,36,1,4,25,100,8,4,1.6974427684501627,22.420450158625275
278,CUST278,Female,37,1,4,25,100,3,0,1.4749458961666477,29.866625932671464
279,CUST279,Male,50,1,1,500,500,8,5,1.552950315886555,428.4991085803027
280,CUST280,Female,37,1,3,500,1500,4,1,1.6936890041541517,499.7776306902712
281,CUST281,Female,29,0,4,500,2000,5,1,1.8350080127263495,523.6311468636238
282,CUST282,Female,64,2,4,50,200,8,4,1.0069927352773038,54.04929941088208
283,CUST283,Female,18,2,1,500,500,5,0,1.063374428959916,511.92973669738285
284,CUST284,Male,43,1,4,50,200,2,2,0.6409729097613035,40.19541694838368
285,CUST285,Female,31,2,1,25,25,8,1,1.3674202114942609,23.26461308243992
286,CUST286,Male,55,2,2,25,50,10,0,0.5539134106951131,25.177116433847115
287,CUST287,Male,54,1,4,25,100,2,0,1.1983970271986903,20.878664991448336
288,CUST288,Male,28,1,4,30,120,1,3,1.313966952061365,28.207523174510168
289,CUST289,Male,53,2,2,30,60,11,3,0.9298118781924266,24.398437305496397
290,CUST290,Female,30,0,2,300,600,10,2,1.3862498908535161,249.4294196586025
291,CUST291,Male,60,1,2,300,600,1,6,0.5457503749085741,287.6307931441915
292,CUST292,Male,20,0,4,300,1200,2,4,0.5560222831238216,255.92589048516726
293,CUST293,Male,50,2,3,30,90,5,1,1.7339008409894874,30.810490179138696
294,CUST294,Female,23,1,3,30,90,3,0,1.0402859621168943,32.27357962964719
295,CUST295,Female,27,0,3,300,900,7,4,0.6905907689778272,336.0704038930899
296,CUST296,Female,22,1,4,300,1200,9,2,1.2833648900822066,264.0180293093772
297,CUST297,Female,40,2,2,500,1000,9,0,1.6549903296479163,433.496516451814
298,CUST298,Male,27,0,4,300,1200,4,3,0.8237315412452648,252.54814084012804
299,CUST299,Male,61,2,2,500,1000,7,1,1.4343357137285004,527.2860499087273
300,CUST300,Female,19,2,4,50,200,1,1,0.628021197490652,54.12951452973802
301,CUST301,Male,30,1,4,30,120,3,6,0.5775225817529115,24.379033737907708
302,CUST302,Male,57,0,2,300,600,7,4,1.297031947352222,352.34546954924275
303,CUST303,Male,19,2,3,30,90,1,0,1.3109526824151598,24.623655403817672
304,CUST304,Female,37,2,2,30,60,7,2,1.4561448522473097,30.495556023612846
305,CUST305,Female,18,0,1,30,30,5,1,1.5891370005839924,32.508726233411
306,CUST306,Male,54,2,1,50,50,8,0,1.963778119193802,57.41938247492171
307,CUST307,Female,26,2,2,25,50,5,5,1.274450522451793,27.140869321324278
308,CUST308,Female,34,0,4,300,1200,8,5,0.984434709411869,336.207369968375
309,CUST309,Female,26,0,1,25,25,12,5,1.6927792921530556,23.39450192542806
310,CUST310,Female,28,0,1,25,25,10,3,0.9062483768931113,28.14825113746512
311,CUST311,Female,32,0,4,25,100,12,1,1.1584571310584542,20.80114846384675
312,CUST312,Male,41,1,4,30,120,9,3,0.617684572013399,34.737799872726335
313,CUST313,Female,55,0,3,500,1500,3,1,0.5380261151231862,509.51847523074724
314,CUST314,Male,52,1,4,30,120,4,5,1.9439726220168876,33.807573239549924
315,CUST315,Male,47,1,2,30,60,6,3,1.7539701807683088,29.4278194142196
316,CUST316,Female,48,1,2,25,50,4,5,1.5439613091405469,26.435776951965252
317,CUST317,Male,22,2,3,30,90,1,0,1.113429416621405,30.31683193123336
318,CUST318,Male,61,1,1,25,25,10,1,0.7599414801062687,27.315895217553322
319,CUST319,Male,31,1,1,500,500,10,3,0.734655564006629,416.32599640611795
320,CUST320,Female,28,2,4,300,1200,2,2,0.875364347246893,247.24225007886767
321,CUST321,Female,26,2,2,25,50,6,5,1.3238399970591808,22.471032340101466
322,CUST322,Male,51,2,1,500,500,1,0,1.5718938840500936,431.9089360226377
323,CUST323,Female,29,0,3,300,900,1,3,1.4902960650765968,344.6140279910642
324,CUST324,Female,52,2,3,50,150,10,4,0.9199008454189143,44.38427974716089
325,CUST325,Female,52,2,2,25,50,9,5,1.9322979209947913,29.75865255819131
326,CUST326,Female,18,1,3,25,75,9,4,1.6068453750436529,23.368957917711068
327,CUST327,Male,57,2,3,50,150,9,4,1.331531078767101,43.64235831377399
328,CUST328,Male,39,0,2,50,100,3,2,1.4175811193515284,55.79397014284958
329,CUST329,Female,46,2,4,25,100,1,0,1.1294000936416848,26.58707775500876
330,CUST330,Female,25,0,4,50,200,9,0,0.8715964842517362,49.96391432906278
331,CUST331,Male,28,2,3,30,90,2,5,1.0339590179768923,30.664362611251573
332,CUST332,Male,58,2,4,300,1200,4,3,1.6367691656965537,326.30421339267167
333,CUST333,Female,54,2,4,300,1200,2,6,0.5215902329446338,267.41456895975585
334,CUST334,Male,31,2,3,300,900,11,2,0.6741089607603743,359.560069926809
335,CUST335,Female,47,0,4,30,120,2,5,0.5690039630326291,35.69751794576139
336,CUST336,Female,52,0,3,50,150,12,1,0.5610932034784553,53.00651372693874
337,CUST337,Male,38,1,1,500,500,5,0,1.7831908760165107,439.90849018582907
338,CUST338,Male,54,0,2,50,100,7,2,1.5554867890700355,53.60456484862583
339,CUST339,Female,22,2,2,25,50,3,4,1.2112607436309877,20.72198408979176
340,CUST340,Female,36,1,4,300,1200,10,3,0.6467512409765022,243.67830026469673
341,CUST341,Male,31,1,4,50,200,5,6,1.2374238126752486,45.15365777022428
342,CUST342,Female,43,1,4,500,2000,10,1,1.2102076561708486,492.52459134786324
343,CUST343,Male,21,2,2,25,50,11,2,0.7598028048650227,28.682725054083804
344,CUST344,Female,42,0,1,30,30,1,5,1.1507774738569596,32.7260288371957
345,CUST345,Male,62,2,1,30,30,11,1,1.09775710159606,32.91247825439977
346,CUST346,Male,59,1,2,500,1000,2,5,1.4237751470783246,485.09866688961506
347,CUST347,Male,42,2,1,25,25,8,3,1.4526404763014658,23.45934992546963
348,CUST348,Female,35,2,2,300,600,12,6,0.5679560146580668,284.52465155815236
349,CUST349,Female,57,0,1,50,50,10,3,1.0619189219397067,59.752991274721154
350,CUST350,Male,25,0,3,25,75,10,1,1.4387898735713547,20.401091914124827
351,CUST351,Female,56,1,3,30,90,9,0,1.2547043878701316,34.404377953469385
352,CUST352,Male,57,2,2,500,1000,6,6,1.7847347617824834,515.7350817144787
353,CUST353,Male,31,2,1,500,500,5,6,1.4880404474284175,487.72308383791807
354,CUST354,Female,49,0,4,50,200,4,5,0.7444016406221445,54.50515320830272
355,CUST355,Female,55,2,1,500,500,12,5,0.6058531211006448,497.33378828494057
356,CUST356,Male,50,2,3,500,1500,6,5,1.4636289173094734,574.6846476163321
357,CUST357,Female,40,2,3,25,75,5,2,0.5397669658124327,29.007018640112587
358,CUST358,Female,32,0,1,300,300,5,1,1.378663371910195,290.60651122481465
359,CUST359,Male,50,1,1,50,50,7,5,1.9103453621374364,45.536555944701036
360,CUST360,Male,42,1,4,25,100,3,3,1.3632112668138183,25.923503285933624
361,CUST361,Female,34,2,4,300,1200,12,6,1.082254889309783,349.4836014740029
362,CUST362,Male,50,1,1,25,25,11,0,1.4649323276635298,22.106621890056665
363,CUST363,Male,64,0,1,25,25,6,5,1.1873793357372748,26.22966583563483
364,CUST364,Female,19,0,1,500,500,8,2,1.3184251839739023,526.312044018504
365,CUST365,Male,31,1,1,300,300,6,6,1.9121972131647877,327.9735626898337
366,CUST366,Male,57,1,2,50,100,2,1,1.0791539567011614,42.6313537025452
367,CUST367,Female,57,2,1,50,50,1,3,1.9417858457358714,54.316499293641776
368,CUST368,Female,56,1,4,300,1200,8,2,1.8580259629340956,349.0839024798769
369,CUST369,Male,23,2,3,500,1500,11,2,0.7936867021839447,435.93662177404843
370,CUST370,Male,23,2,2,30,60,10,0,0.6040419513127482,26.85051989908653
371,CUST371,Female,20,0,1,25,25,2,1,0.65116700206614,29.713950940416396
372,CUST372,Female,24,0,3,500,1500,2,1,0.5273327384773245,436.195390541898
373,CUST373,Female,25,0,2,300,600,10,1,0.6416644411338925,342.5262112043495
374,CUST374,Female,59,0,3,25,75,4,3,1.5245101601245352,24.922778564480346
375,CUST375,Male,32,1,1,50,50,9,6,0.6067829726903435,44.94462148806354
376,CUST376,Female,64,0,1,30,30,5,1,0.978463445440642,34.44899881527014
377,CUST377,Female,46,1,4,50,200,3,3,1.7673129664541818,48.90610510005331
378,CUST378,Male,50,0,1,300,300,6,2,0.5349079036037387,301.7780824715628
379,CUST379,Female,47,1,1,25,25,2,6,1.7217027238834037,23.59233369399766
380,CUST380,Male,56,2,2,300,600,5,5,0.9227821621600999,311.1541021721913
381,CUST381,Female,44,1,4,25,100,7,6,0.6772472414324844,21.63523872585023
382,CUST382,Female,53,1,2,500,1000,5,4,1.545105748046226,478.21630733035215
383,CUST383,Female,46,0,3,30,90,3,2,1.443414270169826,35.63294786802345
384,CUST384,Male,55,1,1,500,500,8,6,1.8162080202905795,451.62668654022553
385,CUST385,Male,50,2,3,500,1500,10,4,1.6026065657058286,531.3473329082584
386,CUST386,Female,54,2,2,300,600,12,2,1.7052213955772728,279.02280770696336
387,CUST387,Male,44,0,1,30,30,6,6,0.9230518588569597,33.28167750823921
388,CUST388,Male,50,2,1,25,25,11,4,0.7661593156695843,21.308736607183498
389,CUST389,Male,21,1,2,25,50,12,4,1.6259221274612874,29.698210450785446
390,CUST390,Male,39,2,2,50,100,9,3,1.710252108900896,49.07579082767278
391,CUST391,Male,19,0,2,25,50,1,3,1.98575771300101,22.36050463346464
392,CUST392,Male,27,1,2,300,600,12,4,1.1189265153671397,248.81960967960154
393,CUST393,Female,22,0,2,500,1000,10,2,1.0580271286891747,433.9515810175082
394,CUST394,Female,27,1,1,500,500,6,5,1.6646194411129953,503.95478971120355
395,CUST395,Male,50,2,2,500,1000,12,2,1.0112053103795269,467.4006352862572
396,CUST396,Female,55,0,1,30,30,2,3,1.896135988405347,33.946600390591314
397,CUST397,Female,30,0,1,25,25,3,4,1.7876191277645177,24.30887523661806
398,CUST398,Female,48,1,2,300,600,5,1,1.1434910410625276,269.8457127105156
399,CUST399,Female,64,0,2,30,60,3,2,1.626306601687246,31.405739839248355
400,CUST400,Male,53,1,4,50,200,2,4,1.6318143111270236,54.13554433770892
401,CUST401,Female,62,1,1,300,300,10,2,0.6546858032538989,260.045028948114
402,CUST402,Female,41,1,2,300,600,3,1,1.85382936001935,260.11430595459814
403,CUST403,Male,32,1,2,300,600,5,5,1.2578785586717858,244.4005712320252
404,CUST404,Male,46,2,2,500,1000,5,3,1.7396861991616124,547.2804030131281
405,CUST405,Female,25,1,4,300,1200,11,0,0.9800744015459176,319.65654331461656
406,CUST406,Female,22,0,4,25,100,4,1,1.8432848427443007,24.746308757498138
407,CUST407,Female,46,2,3,300,900,6,6,1.0838025181012447,341.30045387630366
408,CUST408,Female,64,0,1,500,500,4,5,0.5162564772204475,561.1340305900106
409,CUST409,Female,21,2,3,300,900,12,0,1.8580729646288954,310.2425237276102
410,CUST410,Female,29,1,2,50,100,11,1,0.6369300151792003,57.36542561026518
411,CUST411,Male,62,2,4,50,200,5,1,0.9789704563856223,44.116824200735365
412,CUST412,Female,19,2,4,500,2000,9,5,1.9250929505762073,422.3839238795456
413,CUST413,Female,44,0,3,25,75,9,4,1.9259107204063342,22.697496115169898
414,CUST414,Male,48,0,4,25,100,5,1,1.360156832184929,20.57086856089315
415,CUST415,Male,53,1,2,30,60,1,4,1.447755818254699,30.374034336012386
416,CUST416,Male,53,2,4,500,2000,2,4,1.1726682829674797,587.3211384589922
417,CUST417,Male,43,2,3,300,900,11,1,0.9398161575470968,244.72122488022117
418,CUST418,Female,60,2,2,500,1000,8,5,0.9929968180548739,424.4219828020054
419,CUST419,Female,44,1,3,30,90,5,0,1.5087776841155576,29.42638833940122
420,CUST420,Female,22,1,4,500,2000,1,0,1.62856179415652,586.775003505581
421,CUST421,Female,37,1,3,500,1500,1,0,1.687368565588773,463.2312209953501
422,CUST422,Female,28,1,3,30,90,6,1,1.6844272141918308,30.086817704260707
423,CUST423,Female,27,1,1,25,25,3,2,0.6368091545730356,20.415728590503925
424,CUST424,Male,57,0,4,300,1200,11,3,1.2416304570538723,257.80118411545067
425,CUST425,Female,55,2,4,30,120,5,0,0.5863381400249664,35.83956147550616
426,CUST426,Male,23,2,3,50,150,3,4,1.3242933234856034,59.30237392872091
427,CUST427,Male,25,2,1,25,25,8,1,1.1622957520600656,20.0493998093441
428,CUST428,Female,40,2,4,50,200,10,1,1.8315562741374496,59.03623570846478
429,CUST429,Male,64,2,2,25,50,12,3,1.026372518828118,26.391199378155004
430,CUST430,Female,43,2,3,300,900,8,0,0.6756005246414087,344.15019534240264
431,CUST431,Male,63,2,4,300,1200,10,6,0.7144875230792538,294.56878267606305
432,CUST432,Female,60,2,2,500,1000,1,3,1.6422659475762083,503.11920571585
433,CUST433,Male,29,0,4,50,200,2,0,1.4273270949743915,49.7769316051384
434,CUST434,Female,43,2,2,25,50,2,2,0.6516840141841853,26.668642575461043
435,CUST435,Female,30,0,3,300,900,12,2,0.6261602091724962,256.75815057075755
436,CUST436,Female,57,1,4,30,120,3,5,1.55145369718868,24.359683078472138
437,CUST437,Female,35,2,4,300,1200,10,5,0.6091445095462903,276.9515929909429
438,CUST438,Female,42,1,1,30,30,1,3,1.7327900889355343,32.456169152839756
439,CUST439,Male,50,1,3,25,75,7,6,1.5593633407347443,22.018534521229487
440,CUST440,Male,64,1,2,300,600,10,3,0.6220231709628496,320.81189199899006
441,CUST441,Male,57,0,4,300,1200,10,1,0.6272565711277879,356.38944553287246
442,CUST442,Female,60,1,4,25,100,3,4,1.9799593677517633,20.939007157894185
443,CUST443,Male,29,1,2,300,600,8,2,1.0614061936341805,320.71225418701516
444,CUST444,Female,61,1,3,30,90,3,1,1.0559632206003364,29.325002631654854
445,CUST445,Female,53,2,1,300,300,1,6,1.719199350886254,344.1770705253006
446,CUST446,Male,21,2,1,50,50,6,2,1.920872866075788,43.54299578894772
447,CUST447,Male,22,0,4,500,2000,7,3,1.9790015957343063,538.5251904452329
448,CUST448,Female,54,0,2,30,60,1,5,1.6300672778884124,34.05738347577732
449,CUST449,Male,25,2,4,50,200,7,0,1.0643893782963736,58.892284389480466
450,CUST450,Female,59,0,2,25,50,4,1,0.6252510750480031,26.83248028289646
451,CUST451,Female,45,2,1,30,30,12,5,1.6657203738911552,29.96609716810113
452,CUST452,Female,48,1,3,500,1500,5,0,1.3376063746037077,523.5694480402427
453,CUST453,Female,26,1,2,500,1000,12,4,1.1363330138704644,573.7809968957437
454,CUST454,Female,46,0,1,25,25,2,2,1.859531577642104,25.706097466388293
455,CUST455,Male,31,2,4,25,100,7,5,0.6667962234592271,20.30387059696837
456,CUST456,Male,57,2,2,30,60,10,5,1.2389376564362888,35.17138434608373
457,CUST457,Female,58,0,3,300,900,7,4,0.5170304671511285,322.7432101237873
458,CUST458,Female,39,2,4,25,100,11,1,1.2029909629911895,26.765133857772465
459,CUST459,Male,28,1,4,300,1200,3,1,0.584454913522756,265.8810182877261
460,CUST460,Male,40,0,1,50,50,5,1,0.6782268744021078,53.17770940465314
461,CUST461,Female,18,0,2,500,1000,3,5,0.6762893701656574,478.7728811308317
462,CUST462,Male,63,2,4,300,1200,4,5,1.4738154531740952,318.14795724497907
463,CUST463,Female,54,0,3,500,1500,7,0,1.6190673188981348,421.31860606159813
464,CUST464,Male,38,2,2,300,600,1,4,1.3750531476457395,318.94143655236434
465,CUST465,Female,43,2,3,50,150,4,6,1.9432588227118128,59.98827451541333
466,CUST466,Male,63,2,4,25,100,6,1,1.062305869285556,20.482120388605562
467,CUST467,Female,53,2,3,50,150,7,6,0.9285681294227911,59.54348368442635
468,CUST468,Male,40,2,1,25,25,12,5,1.8028986922841903,24.069079607228705
469,CUST469,Male,18,0,3,25,75,5,0,0.835393757779179,28.70753450337259
470,CUST470,Female,57,1,2,500,1000,5,2,1.944833809160917,556.4770968116547
471,CUST471,Male,32,1,3,50,150,3,3,0.5182317120347245,51.34032521973335
472,CUST472,Female,38,0,3,300,900,12,1,1.9548182400614587,328.6139051101592
473,CUST473,Male,64,0,1,50,50,2,5,0.5647398679258642,57.57031122602696
474,CUST474,Female,26,1,3,500,1500,7,5,1.8367146705471067,480.8280643302066
475,CUST475,Male,26,1,3,25,75,1,4,1.2915516636294497,23.270331615632387
476,CUST476,Female,27,1,4,500,2000,8,1,1.9894471941789504,533.5186771127169
477,CUST477,Male,43,1,4,30,120,4,0,0.6106948471030983,33.6941513032951
478,CUST478,Female,58,1,2,30,60,4,3,1.3307814266019813,33.14742161731939
479,CUST479,Male,52,2,4,300,1200,8,3,1.9539538034286483,335.7376378630362
480,CUST480,Female,42,0,4,500,2000,6,3,1.2846467662552232,487.1166629625866
481,CUST481,Female,43,2,4,300,1200,6,1,1.4440979572028938,338.14010594100256
482,CUST482,Female,28,1,4,300,1200,4,3,1.5436230334769259,254.42508664447303
483,CUST483,Male,55,1,1,30,30,4,1,1.1818115971516598,30.533869175530196
484,CUST484,Female,19,1,4,300,1200,1,4,1.4413371201260952,240.6910392597746
485,CUST485,Male,24,2,1,30,30,12,0,1.3764714678846504,27.895029958803242
486,CUST486,Female,35,2,1,25,25,4,6,1.8517370157364834,23.66461534871398
487,CUST487,Male,44,1,4,500,2000,7,0,0.5681695705121868,479.23453832185106
488,CUST488,Female,51,2,3,300,900,6,6,0.9214447843883455,323.4560648027835
489,CUST489,Male,44,2,1,30,30,5,1,1.925617226114838,28.66269721524415
490,CUST490,Male,34,1,3,50,150,2,6,1.8353956758363745,48.973872452450614
491,CUST491,Female,60,2,3,300,900,5,1,1.1834851291785693,268.50529570491926
492,CUST492,Male,61,0,4,25,100,6,3,1.4301988967023052,23.7325179162934
493,CUST493,Male,41,0,2,25,50,11,5,0.9160717744716991,22.272696272631514
494,CUST494,Female,42,0,4,50,200,9,0,0.782181739585642,41.46391847536888
495,CUST495,Male,24,0,2,30,60,7,0,1.1955476074099733,31.241383120576533
496,CUST496,Male,23,1,2,300,600,12,3,1.0300283420390792,320.18553582660195
497,CUST497,Male,41,1,4,30,120,10,0,1.375484167776308,31.43388415211537
498,CUST498,Female,50,1,4,25,100,6,0,0.6166019554474773,24.634940438005724
499,CUST499,Male,46,0,2,30,60,1,6,1.9615922114992497,28.55742936215076
500,CUST500,Female,60,0,4,25,100,3,2,1.9793161167194042,28.633336495718254
501,CUST501,Male,39,2,2,30,60,5,6,1.5472425710296176,30.228981421634614
502,CUST502,Male,43,2,3,50,150,4,6,1.3041445495161805,49.58363755259462
503,CUST503,Male,45,0,4,500,2000,10,2,0.9642914244294916,405.1284131612872
504,CUST504,Female,38,0,3,50,150,5,1,1.720692529560423,46.824956552523126
505,CUST505,Male,24,0,1,50,50,1,4,1.5270967588308189,47.60391237571714
506,CUST506,Male,34,0,3,500,1500,2,5,0.743925409017337,479.76455617938007
507,CUST507,Female,37,2,3,500,1500,11,3,1.8663907767407637,516.0344738454664
508,CUST508,Male,58,0,2,300,600,8,4,1.7338058643847534,304.03230560722545
509,CUST509,Female,37,2,3,300,900,6,0,1.924699869937886,312.94861113521335
510,CUST510,Female,39,0,4,50,200,6,5,1.58857926258254,55.29766523084256
511,CUST511,Male,45,0,2,50,100,8,5,1.4201227939036847,56.259714774321864
512,CUST512,Female,57,0,1,25,25,11,1,1.1273645544359283,27.181230762264942
513,CUST513,Male,24,2,4,25,100,9,1,1.89909272503102,29.555236959549347
514,CUST514,Female,18,2,1,300,300,3,2,1.7990958342506125,242.1879099211634
515,CUST515,Female,49,1,3,300,900,7,0,0.5678280051592841,263.49335828202555
516,CUST516,Male,30,0,4,25,100,10,0,0.539550461745878,20.075628749781423
517,CUST517,Female,47,1,4,25,100,4,5,1.0646950503170745,26.47474714154603
518,CUST518,Female,40,1,1,30,30,5,3,1.7158299961727494,34.77636658739984
519,CUST519,Female,36,2,4,30,120,1,0,1.9809141939724166,26.921787558915593
520,CUST520,Female,49,2,4,25,100,12,4,0.7256253366552923,29.270345447963063
521,CUST521,Female,47,1,4,30,120,8,5,1.3911960730282027,24.72320868347473
522,CUST522,Male,46,0,3,500,1500,1,6,1.0713362849465322,586.8872053611028
523,CUST523,Female,62,2,1,300,300,9,6,1.9548715967219048,282.19472246875614
524,CUST524,Male,46,0,4,300,1200,10,1,1.7631783847035631,252.17049941390601
525,CUST525,Female,47,0,2,25,50,12,0,1.7574930570667067,24.858717591863254
526,CUST526,Male,33,1,2,50,100,12,6,1.2030397396924555,45.135531354410155
527,CUST527,Male,57,1,2,25,50,4,1,1.1222292535064977,22.848729019619228
528,CUST528,Female,36,1,2,30,60,7,3,0.9101106078960594,27.68747957911544
529,CUST529,Female,35,1,3,50,150,8,2,0.5845632449763907,56.060517956653264
530,CUST530,Female,18,2,4,30,120,2,6,1.7970835643825798,30.469935320103055
531,CUST531,Male,31,2,1,500,500,12,3,1.7193515136951163,462.2615398312007
532,CUST532,Female,64,1,4,30,120,6,0,1.999576509929196,31.32400539973102
533,CUST533,Male,19,2,3,500,1500,11,3,1.994955255610858,543.2301348446387
534,CUST534,Male,45,1,2,500,1000,6,5,1.3331475584039412,454.52480014670675
535,CUST535,Male,47,0,3,30,90,12,2,1.6534811227707658,28.96258921830422
536,CUST536,Female,55,0,4,30,120,3,6,1.917148594823642,25.46263312004337
537,CUST537,Female,21,0,1,500,500,6,5,1.7744710860161172,436.2298699069361
538,CUST538,Male,18,1,3,50,150,9,6,0.8710221526147965,53.622357079299654
539,CUST539,Male,25,0,1,500,500,6,3,1.1758162029651402,436.2876695391254
540,CUST540,Female,46,2,3,300,900,12,4,0.6937391227272425,303.0196060400472
541,CUST541,Male,56,0,1,500,500,7,5,1.9310765408880837,541.8092523444865
542,CUST542,Female,20,0,1,50,50,6,5,1.40926195167632,42.13753846189488
543,CUST543,Male,49,0,2,300,600,7,2,0.842964208255194,308.0774663554684
544,CUST544,Female,27,2,1,25,25,12,5,1.507551026608785,22.56562783701364
545,CUST545,Male,27,1,2,25,50,6,3,1.4271923606868437,29.629268752375797
546,CUST546,Female,36,2,4,50,200,10,2,1.0372440770492608,49.670912934398494
547,CUST547,Male,63,1,4,500,2000,3,1,0.6703363882994435,561.1985099550316
548,CUST548,Female,51,1,2,30,60,4,6,1.5073597933891993,30.602718505875146
549,CUST549,Female,50,0,2,50,100,8,4,1.2804615513556898,40.86825065709638
550,CUST550,Male,40,1,3,300,900,12,3,1.658477587603459,315.97816507128266
551,CUST551,Male,45,2,3,300,900,7,4,1.28024525166799,354.1684010647988
552,CUST552,Female,49,2,3,25,75,12,2,1.7782722504778101,26.01611820146331
553,CUST553,Male,24,1,4,300,1200,3,4,1.3278602581617283,338.3026631312148
554,CUST554,Female,46,0,3,50,150,11,6,1.3414069573030794,57.68412926696816
555,CUST555,Male,25,0,1,300,300,10,3,1.8149804039875175,267.3695726338719
556,CUST556,Female,18,2,1,50,50,6,6,1.1052242993185954,44.240896798164535
557,CUST557,Female,20,0,3,30,90,7,3,0.701022842675961,31.3317718662119
558,CUST558,Female,41,1,1,25,25,10,6,0.5431740144700085,24.110284698067048
559,CUST559,Female,40,1,4,300,1200,1,6,1.6327058835104284,340.78335634400645
560,CUST560,Female,25,2,1,50,50,6,0,1.4304643270301969,58.000462467960226
561,CUST561,Female,64,1,4,500,2000,5,5,1.5561196521488354,470.6842758605436
562,CUST562,Male,54,2,2,25,50,4,1,0.8194462422633662,22.368705589744824
563,CUST563,Male,20,1,2,30,60,8,2,0.7045572133801546,33.366306182926344
564,CUST564,Male,50,2,2,50,100,10,1,0.5218169985018228,45.49612071096272
565,CUST565,Female,45,0,2,30,60,11,1,1.0258813382098955,33.871371822164136
566,CUST566,Female,64,1,1,30,30,12,5,1.3848765302819497,29.084859043785155
567,CUST567,Female,25,1,3,300,900,6,2,1.0883660676495985,320.1059879149764
568,CUST568,Female,51,2,1,300,300,8,6,1.1562123830355935,251.4642376601602
569,CUST569,Male,52,2,4,50,200,8,1,1.8562380417406226,52.477186493531455
570,CUST570,Male,49,1,1,500,500,8,1,1.0223832005349505,490.35353574744585
571,CUST571,Female,41,2,1,50,50,12,1,1.2709842337397161,51.73216926350948
572,CUST572,Male,31,1,4,500,2000,4,3,1.6754795191117147,433.6028415489727
573,CUST573,Male,49,0,2,30,60,9,1,1.0948141734819052,32.842484939330184
574,CUST574,Female,63,2,2,25,50,8,3,1.4331300503418103,28.62797077543229
575,CUST575,Male,60,1,2,50,100,3,1,1.7935455631201178,44.33479600181551
576,CUST576,Female,33,0,3,50,150,12,0,1.9242809354864632,41.914291110403234
577,CUST577,Male,21,0,4,500,2000,2,0,0.7206102213935569,404.7277172092673
578,CUST578,Female,54,1,4,30,120,5,4,1.8898814377422415,31.70365800531919
579,CUST579,Female,38,2,1,30,30,9,3,1.2381744396193073,31.285128433065367
580,CUST580,Female,31,1,3,500,1500,12,2,0.8873665824484376,509.33948254281404
581,CUST581,Female,48,0,2,30,60,11,1,1.188703634357392,26.783365153391706
582,CUST582,Male,35,1,3,300,900,11,1,1.9700488629282156,286.90871950866176
583,CUST583,Female,24,2,4,25,100,6,2,1.2389271409893043,25.94476335186173
584,CUST584,Female,27,0,4,50,200,2,4,0.9931274154312624,49.935337177183385
585,CUST585,Female,24,1,1,25,25,5,0,1.4501012814750887,29.877855202148872
586,CUST586,Male,50,2,1,50,50,12,0,0.8602184281672896,42.72879505113467
587,CUST587,Female,40,0,4,300,1200,6,3,0.6137949921629959,323.4173464857113
588,CUST588,Male,38,2,2,30,60,4,2,0.6933195828659738,28.851825217251506
589,CUST589,Female,36,0,2,500,1000,4,2,0.6920687584366587,485.63992298512295
590,CUST590,Male,36,1,3,300,900,3,4,0.7278540402684415,326.1117318789812
591,CUST591,Male,53,2,4,25,100,1,4,0.7082407589741152,26.924361513243696
592,CUST592,Female,46,0,4,500,2000,1,1,1.4613121172048218,598.2511987404376
593,CUST593,Male,35,2,2,30,60,5,5,0.7728201265987172,25.540731473449505
594,CUST594,Female,19,2,2,300,600,9,4,1.0185009249857948,252.4931579261
595,CUST595,Female,18,1,4,500,2000,11,3,1.8451826148590178,544.8677634257482
596,CUST596,Female,64,2,1,300,300,2,1,1.2109424603943086,309.40643004076907
597,CUST597,Male,22,0,4,300,1200,8,1,1.5013366077815409,272.8992799871767
598,CUST598,Male,37,0,4,30,120,8,1,0.7584798068024448,24.95303242786784
599,CUST599,Female,28,0,2,50,100,11,6,0.7884335282130062,41.713164991928615
600,CUST600,Female,59,0,2,500,1000,10,6,0.5613029243997183,578.8381749328237
601,CUST601,Male,19,1,1,30,30,4,0,0.7534025946082468,26.302407896624917
602,CUST602,Female,20,2,1,300,300,12,5,0.9178855085479379,278.8045874538625
603,CUST603,Female,40,1,3,30,90,7,6,0.7655157264151202,26.719876826723855
604,CUST604,Female,29,2,4,50,200,9,0,0.6330538006355835,47.09992611663875
605,CUST605,Male,37,2,2,500,1000,7,0,0.6809538066509012,413.8847685492187
606,CUST606,Male,22,2,1,50,50,5,4,1.1911681520490887,50.3811958181654
607,CUST607,Male,54,1,3,25,75,3,4,0.8095005776086888,20.676125635922148
608,CUST608,Female,55,2,3,500,1500,12,5,1.046404791572113,560.0713015644723
609,CUST609,Female,47,1,2,50,100,12,1,1.2551259062822853,44.67424163820866
610,CUST610,Female,26,0,2,300,600,1,1,1.5355922429440478,304.8014297525413
611,CUST611,Male,51,0,3,500,1500,2,4,0.5589682097616484,576.0158175122916
612,CUST612,Female,61,2,1,500,500,8,6,1.699115598363564,530.1754738094388
613,CUST613,Female,52,1,3,30,90,4,6,1.4418505842363616,30.395493438616022
614,CUST614,Female,39,0,4,300,1200,4,5,0.6226385479233079,278.9200503738451
615,CUST615,Female,61,1,4,25,100,12,5,1.810367936160166,23.33001913058198
616,CUST616,Male,41,1,2,50,100,9,5,1.8813086007977198,53.389739103963805
617,CUST617,Male,34,2,1,30,30,8,5,0.5916169397822957,35.92967233465401
618,CUST618,Female,27,0,1,50,50,1,3,0.9153164722208056,53.236783796987574
619,CUST619,Male,47,2,4,25,100,10,4,1.709301919689592,25.577834173700246
620,CUST620,Male,63,2,3,25,75,5,0,1.6223895355754876,27.30650510239246
621,CUST621,Female,40,0,2,500,1000,3,5,0.776781529034566,493.04112245674366
622,CUST622,Female,49,0,3,25,75,8,1,0.8140239850050655,20.60142342600785
623,CUST623,Male,34,1,3,50,150,3,4,1.055708154187073,51.2459363175582
624,CUST624,Female,34,0,3,300,900,8,5,1.226784477786532,354.9150341406456
625,CUST625,Male,31,1,1,300,300,12,4,1.427382157295444,261.03635308291916
626,CUST626,Female,26,1,4,500,2000,9,4,1.0533704593546587,538.0009781641331
627,CUST627,Male,57,1,1,50,50,10,5,1.1938020741997217,44.018673773181135
628,CUST628,Female,19,0,4,50,200,11,2,1.621206407200635,50.71655368946163
629,CUST629,Male,62,2,2,25,50,6,0,0.5550248043358968,20.966764496467196
630,CUST630,Male,42,1,2,50,100,8,1,0.8786554165160312,49.0074187251637
631,CUST631,Male,56,2,3,30,90,11,4,1.5700243788268287,33.07395994674295
632,CUST632,Female,26,2,4,25,100,9,5,1.8428102565307989,23.47571524238982
633,CUST633,Male,39,0,4,30,120,8,0,1.2675161631734992,31.978940693846614
634,CUST634,Male,60,2,4,500,2000,10,6,1.2981702278979734,559.0899921579459
635,CUST635,Female,63,2,3,300,900,8,3,0.6607580170096641,351.26133833753437
636,CUST636,Female,21,0,3,500,1500,3,3,1.171118550235182,446.9284163710907
637,CUST637,Male,43,1,2,300,600,9,4,1.2989258996825348,287.91790989711694
638,CUST638,Male,46,2,1,500,500,8,5,0.8637057554520945,430.4832026660835
639,CUST639,Female,62,0,4,50,200,5,5,0.9038648464240715,59.8496700431675
640,CUST640,Female,51,2,4,30,120,5,6,1.065926244656934,35.12401161509155
641,CUST641,Female,40,2,1,300,300,11,3,0.5301067966665896,304.79485563366717
642,CUST642,Female,54,1,4,25,100,5,0,0.9831187483747674,28.420332943764215
643,CUST643,Female,28,2,3,30,90,9,6,0.817172010494817,30.251495727264505
644,CUST644,Male,23,0,3,25,75,9,2,0.991246028266872,26.235856880027598
645,CUST645,Female,35,2,4,30,120,11,4,0.6796431977288768,25.0694931853922
646,CUST646,Male,38,1,3,30,90,5,2,1.8357909211098424,33.0632450459617
647,CUST647,Male,59,1,3,500,1500,5,6,1.390388680331073,425.542696727047
648,CUST648,Male,53,0,4,300,1200,8,0,1.5186534787167343,339.1281156303034
649,CUST649,Female,58,1,2,300,600,2,3,1.6837568579110074,333.8433705204463
650,CUST650,Male,55,2,1,30,30,1,0,1.247663298393586,32.504936372915715
651,CUST651,Male,51,1,3,50,150,5,5,0.6303804321311355,40.723207610495244
652,CUST652,Female,34,0,2,50,100,5,0,1.3056598127278216,46.06256711890657
653,CUST653,Male,54,1,3,25,75,5,5,1.3802616770313187,22.631125699108427
654,CUST654,Male,42,1,3,25,75,6,2,1.6181592112764949,23.601364074715192
655,CUST655,Female,55,1,1,500,500,6,1,1.147489319344519,417.52854935276775
656,CUST656,Male,29,0,3,30,90,10,2,0.6913704541933456,35.24349387637275
657,CUST657,Male,40,1,1,25,25,2,5,0.9256638586980868,25.538022407123762
658,CUST658,Male,59,1,1,25,25,3,6,1.0446234445979528,23.055243106580235
659,CUST659,Female,39,2,1,30,30,3,6,1.4688758619974018,28.763778204891402
660,CUST660,Female,38,0,2,500,1000,4,5,1.3561674570033677,489.4405081009671
661,CUST661,Female,44,1,4,25,100,7,6,1.0341450888467694,26.005943333606176
662,CUST662,Male,48,0,2,500,1000,12,4,1.9797728731894695,503.1358855392996
663,CUST663,Male,23,1,4,300,1200,3,0,1.4086622290353308,350.3270367857301
664,CUST664,Female,44,1,4,500,2000,12,3,0.8558401876039917,499.39269658116604
665,CUST665,Male,57,1,1,50,50,4,3,0.6526737089306056,59.84316029646626
666,CUST666,Male,51,2,3,50,150,2,3,0.7292887087764981,57.028499154901915
667,CUST667,Female,29,2,1,500,500,8,1,0.8689365925767623,441.70210287146716
668,CUST668,Female,62,2,3,50,150,7,4,0.7410220598893336,58.61190429287832
669,CUST669,Male,24,0,4,300,1200,6,0,0.7798505360769586,253.96396774625717
670,CUST670,Male,27,0,1,30,30,10,3,0.9276427530407707,33.8093965018943
671,CUST671,Male,62,2,3,50,150,8,6,0.7600603929421322,47.6124658695316
672,CUST672,Female,34,0,2,50,100,8,1,1.8451481369396379,57.559486408901385
673,CUST673,Female,43,1,3,500,1500,2,2,0.6203506184924633,573.61133802149
674,CUST674,Female,38,1,1,300,300,4,6,1.286767084355382,336.7110480141145
675,CUST675,Female,45,1,2,30,60,8,4,1.1155952404844922,33.48036523568474
676,CUST676,Male,63,2,3,500,1500,7,2,1.9735679253629095,460.93582781960816
677,CUST677,Female,19,0,3,500,1500,10,4,0.6680583532520785,416.1838566102505
678,CUST678,Female,60,2,3,300,900,12,5,1.0967833985686124,288.35762145181934
679,CUST679,Female,18,0,3,30,90,1,2,1.9542056499130533,26.082294179838104
680,CUST680,Female,53,1,3,300,900,10,6,1.7982606888409705,323.3941306682954
681,CUST681,Female,43,2,2,30,60,7,4,1.72560810642392,28.153196718453426
682,CUST682,Male,46,0,4,300,1200,9,5,0.8868542405674098,357.0732241031898
683,CUST683,Male,38,0,2,500,1000,1,2,0.7563313810850987,528.1944154690664
684,CUST684,Female,28,1,2,500,1000,6,4,1.5029648298866465,564.4961127268722
685,CUST685,Male,57,2,2,25,50,6,4,1.8940639836913786,21.325246727418484
686,CUST686,Female,28,2,4,50,200,7,2,1.3351443395208946,57.24028964545245
687,CUST687,Female,53,2,1,300,300,8,3,1.3574190342048498,350.7308628616073
688,CUST688,Male,56,1,4,25,100,10,1,0.9199686404904263,24.87061918818936
689,CUST689,Male,57,2,2,50,100,10,5,1.6542393997879055,52.12505875501955
690,CUST690,Female,52,1,3,300,900,11,6,0.7805656228362851,331.7771761083594
691,CUST691,Female,51,1,3,30,90,4,6,0.9855188546063656,26.09806352712495
692,CUST692,Female,64,1,2,50,100,9,3,1.1381546579246251,50.05132152926885
693,CUST693,Male,41,0,3,500,1500,4,6,1.2614155680266825,479.7326055544626
694,CUST694,Female,39,2,2,25,50,5,5,0.8636145986226204,21.463739921622494
695,CUST695,Female,22,2,3,50,150,8,5,0.6722552371088053,47.35068844583063
696,CUST696,Female,50,1,4,50,200,9,2,1.415930063662449,41.363446187709876
697,CUST697,Male,53,1,1,500,500,1,6,0.9329458298603837,405.1623813898974
698,CUST698,Female,64,2,1,300,300,7,2,1.3718573321339185,256.21995469857876
699,CUST699,Female,37,1,4,30,120,6,3,0.7315440729113034,35.55738133907009
700,CUST700,Male,36,2,4,500,2000,12,5,1.2217101527822263,509.9059071790034
701,CUST701,Female,52,0,2,30,60,12,3,1.2988841488273788,35.58986593383864
702,CUST702,Female,60,1,2,300,600,7,3,0.5777353052336404,291.8997453996158
703,CUST703,Male,34,2,2,50,100,3,6,1.0049064172908808,46.236322661705195
704,CUST704,Female,62,1,3,30,90,8,0,0.7016220154084614,30.073702354082933
705,CUST705,Male,60,2,2,25,50,3,1,0.5950624557091516,24.395116886329102
706,CUST706,Male,51,2,4,25,100,11,2,1.9849403485849177,21.05664684261744
707,CUST707,Female,26,1,1,500,500,10,6,0.9835307674620845,528.1652629380412
708,CUST708,Female,43,0,3,300,900,1,5,1.7148116687819523,265.92458190115195
709,CUST709,Female,19,2,2,500,1000,7,4,0.8819609821456458,523.917590979566
710,CUST710,Female,26,2,3,500,1500,10,1,1.522254083335894,530.0402184796307
711,CUST711,Male,26,2,3,500,1500,10,0,1.6403417898345298,430.4049706257296
712,CUST712,Female,57,0,2,25,50,12,2,1.3934581109117663,20.613496271106683
713,CUST713,Male,34,0,3,25,75,1,5,1.2073642828252376,27.807615860684397
714,CUST714,Female,18,1,1,500,500,2,6,1.1177613712209027,491.96008475386407
715,CUST715,Female,42,0,4,25,100,11,6,1.023302399814493,20.58163795505476
716,CUST716,Female,60,1,4,300,1200,8,1,1.8942937163717388,359.38395806037204
717,CUST717,Male,57,1,1,500,500,3,5,1.7459291116815936,411.55611219927334
718,CUST718,Female,59,0,3,25,75,8,4,1.9475403659997688,26.950352288585535
719,CUST719,Female,42,1,2,30,60,4,1,0.6864458352283171,35.80414710316096
720,CUST720,Female,56,0,3,500,1500,1,3,1.5963012128054663,447.8360208431851
721,CUST721,Female,52,1,1,500,500,5,6,1.9075106852315566,428.44987373743925
722,CUST722,Male,20,0,3,300,900,7,4,0.7718495992484902,254.56619273069148
723,CUST723,Female,54,0,4,50,200,6,5,0.5997444010501662,46.06550295135191
724,CUST724,Male,61,1,3,50,150,4,2,1.6116809739350886,42.02091622021293
725,CUST725,Male,61,2,1,300,300,8,0,1.3617096697698678,323.05936100329586
726,CUST726,Male,47,1,4,300,1200,6,5,1.7627431651374081,247.47501577560755
727,CUST727,Male,55,0,3,300,900,6,3,0.7096585649394342,301.1306553779748
728,CUST728,Male,51,2,3,50,150,7,4,1.6929009677898352,59.93393707705954
729,CUST729,Male,29,1,4,300,1200,5,1,0.8024409800716168,337.6764323407223
730,CUST730,Female,36,1,2,25,50,8,4,0.7454839142985568,26.152194382310107
731,CUST731,Male,54,1,4,500,2000,5,2,0.7463986968964894,461.25072415732234
732,CUST732,Male,61,2,2,500,1000,2,5,1.7218620803470732,524.7791672583278
733,CUST733,Male,34,0,1,30,30,8,1,1.4977958310443003,30.324497566939822
734,CUST734,Female,27,1,1,30,30,1,1,1.284598137153679,29.11300060668446
735,CUST735,Female,64,1,4,500,2000,10,2,1.0382457261852538,426.14207534803995
736,CUST736,Male,29,1,4,25,100,1,4,1.8158008112196624,28.86604215240467
737,CUST737,Female,33,1,1,50,50,6,3,1.088667661133953,48.995692976426454
738,CUST738,Male,41,1,2,50,100,4,1,1.7248991592073657,43.8924502364153
739,CUST739,Male,36,0,1,25,25,11,2,1.1587023628553277,23.677593508772894
740,CUST740,Female,25,0,4,50,200,2,6,1.0654166441373614,48.28259505057854
741,CUST741,Male,48,1,1,300,300,11,3,1.1940196785044097,339.30454746802485
742,CUST742,Female,38,2,4,500,2000,1,5,0.9520668112462132,546.7228761122805
743,CUST743,Female,34,0,4,500,2000,1,0,1.6214140702643767,553.860978728268
744,CUST744,Male,40,2,1,25,25,5,6,1.2540805851387187,20.110312644286473
745,CUST745,Male,54,0,2,50,100,4,3,0.848319042720226,48.32307996359523
746,CUST746,Female,33,1,3,30,90,1,2,1.8493618599118526,29.776129819623883
747,CUST747,Male,23,0,1,30,30,11,2,1.075836832059817,24.230307321876683
748,CUST748,Male,25,1,3,50,150,3,0,1.315329291670983,45.19626417490068
749,CUST749,Male,42,0,1,30,30,5,2,1.8597081664468205,33.12347787746562
750,CUST750,Female,35,1,3,25,75,3,0,1.4363569938709881,21.371097057289994
751,CUST751,Female,42,1,2,25,50,8,3,0.675347061062546,25.353101314525915
752,CUST752,Male,29,1,2,50,100,12,5,1.9097481854202127,44.30403744034475
753,CUST753,Female,32,1,1,30,30,2,1,1.441562079607127,24.14544929572672
754,CUST754,Female,43,2,4,25,100,10,0,1.0023584219856292,22.412014575995414
755,CUST755,Female,58,1,3,25,75,4,5,0.7089081089950808,29.758737549100534
756,CUST756,Female,62,2,4,300,1200,8,6,1.691037783905444,336.18445342595874
757,CUST757,Female,43,2,4,300,1200,12,0,1.4301091338927703,355.14919731852405
758,CUST758,Male,64,1,4,25,100,5,4,1.3001916379644822,24.878540439263624
759,CUST759,Male,49,2,2,50,100,7,5,1.8408388745764364,42.194723973550076
760,CUST760,Male,27,0,1,500,500,3,0,1.6828958168367962,509.59189779473854
761,CUST761,Female,33,1,1,500,500,11,1,0.7275123195991268,490.8754669119922
762,CUST762,Female,24,2,2,25,50,11,1,0.9675831016933223,28.443570827396158
763,CUST763,Male,34,1,2,25,50,2,1,0.8727337097216986,20.980825807842447
764,CUST764,Female,40,1,1,25,25,3,5,1.6159194388590155,24.88241137021778
765,CUST765,Male,43,1,4,50,200,6,4,0.550298652103669,43.00097329387968
766,CUST766,Male,38,2,3,300,900,2,5,1.3548345273069748,278.9611112268072
767,CUST767,Male,39,0,3,25,75,10,1,1.6436880286110358,27.373570773877997
768,CUST768,Female,24,0,3,25,75,1,5,1.8151484551426242,24.760181293687666
769,CUST769,Female,31,2,4,30,120,6,4,1.0131226230738613,28.51065942174923
770,CUST770,Male,32,1,1,50,50,10,6,1.7318859570080192,47.8895255714007
771,CUST771,Male,24,2,2,25,50,12,2,0.6659476054328108,24.594467684059868
772,CUST772,Male,26,2,1,30,30,7,2,1.7696784376017773,33.42019852604468
773,CUST773,Male,25,2,4,500,2000,7,6,0.6912329934979736,578.4169377880468
774,CUST774,Female,40,1,2,25,50,4,2,1.095930935840551,29.55334686503928
775,CUST775,Female,46,2,4,25,100,2,2,1.6959430486693305,27.86903386255295
776,CUST776,Male,35,1,3,30,90,10,1,0.7248761410231607,27.784882748976155
777,CUST777,Male,48,2,3,50,150,12,2,0.8438770928489623,53.762694121730846
778,CUST778,Female,47,0,4,25,100,11,5,1.5833788525895995,24.37603124055392
779,CUST779,Female,56,2,2,500,1000,5,4,1.5800548048191114,450.93412440921026
780,CUST780,Male,52,2,2,25,50,2,2,1.461721449327946,28.408715794259226
781,CUST781,Male,35,0,1,500,500,12,5,1.54092266670065,407.685269792465
782,CUST782,Male,59,1,3,300,900,6,6,1.3140866650213943,348.2114390562508
783,CUST783,Female,56,1,1,300,300,12,6,0.8776985883604291,295.3772957549681
784,CUST784,Female,34,2,1,500,500,11,5,1.0185439902558793,527.440295361656
785,CUST785,Female,31,0,4,50,200,3,4,0.7723965752021384,53.187078444115656
786,CUST786,Male,48,1,4,25,100,10,1,1.8626758420004426,28.951177407065366
787,CUST787,Male,41,2,1,25,25,1,6,1.3750876921491808,26.366696821672075
788,CUST788,Female,52,0,3,300,900,6,1,1.1012771251454598,313.67203017120744
789,CUST789,Female,61,1,4,500,2000,9,5,1.193008705466199,413.330408112138
790,CUST790,Male,62,1,1,25,25,8,1,1.920925009417723,25.184080219452042
791,CUST791,Female,51,0,1,25,25,12,1,0.7300271046741202,21.501690008170417
792,CUST792,Female,20,0,1,50,50,7,6,1.379344748025196,54.74867537442971
793,CUST793,Male,54,0,1,30,30,2,6,1.258833018326699,30.146663049752092
794,CUST794,Female,60,0,1,300,300,9,6,1.4171813531519717,321.6273335050024
795,CUST795,Male,57,2,1,300,300,11,1,0.5271652757312608,245.00074807228611
796,CUST796,Male,43,0,4,30,120,6,5,1.8081858634162273,25.01750419254964
797,CUST797,Male,40,1,3,25,75,1,5,1.8981774237254185,27.163233880626827
798,CUST798,Male,61,1,1,50,50,8,4,1.3476997753838134,41.44168671997347
799,CUST799,Male,56,2,2,50,100,9,4,1.5449762358153385,41.42513455530518
800,CUST800,Male,32,1,4,300,1200,2,4,1.8837490717659435,241.4530170281865
801,CUST801,Male,21,1,4,50,200,8,3,1.560857951470098,59.130027965989605
802,CUST802,Female,46,0,1,30,30,7,2,0.728808564371392,32.85010031350808
803,CUST803,Male,39,1,4,25,100,11,2,1.3644325402502198,23.532514085020644
804,CUST804,Male,42,2,1,30,30,8,3,1.4100725695742837,27.558426975451866
805,CUST805,Female,30,0,3,500,1500,12,4,1.136196006953579,469.9406459491699
806,CUST806,Female,35,0,3,300,900,3,0,1.6046663534370842,332.9584237417418
807,CUST807,Female,50,2,4,50,200,8,4,1.9015505221535223,53.22741222140829
808,CUST808,Male,33,0,4,500,2000,4,5,1.8883527693601645,437.03911357349364
809,CUST809,Female,62,0,2,50,100,9,0,1.1762590571061982,43.48218670668169
810,CUST810,Male,59,2,4,25,100,11,3,0.6698570687611329,20.983956497133974
811,CUST811,Male,61,0,2,25,50,5,4,1.977261798443502,26.60302719701338
812,CUST812,Male,19,2,3,25,75,11,6,1.758347129668901,27.643726622217358
813,CUST813,Male,52,2,3,50,150,10,1,0.6869940218049002,45.30092856650008
814,CUST814,Female,59,1,1,500,500,9,1,1.8812628239260585,404.1889922061826
815,CUST815,Female,51,1,3,25,75,8,6,1.8048445430931923,20.821716674764275
816,CUST816,Male,47,0,2,500,1000,8,5,1.2782570856891082,593.572006969006
817,CUST817,Male,30,0,4,50,200,10,1,1.3869131536173938,45.908895549548404
818,CUST818,Male,30,2,1,500,500,5,3,1.0985040558051953,553.8446295676267
819,CUST819,Female,35,0,2,50,100,6,3,0.582142458233047,52.49327137708527
820,CUST820,Male,49,2,4,50,200,5,5,1.0027958624688513,47.63879279305792
821,CUST821,Male,49,2,1,300,300,2,1,1.7042801728970172,264.6824714634666
822,CUST822,Female,52,0,3,50,150,5,1,0.5069480345069043,42.42772836318813
823,CUST823,Female,56,2,2,50,100,8,5,1.0002487575367163,52.30025936077733
824,CUST824,Male,63,1,4,30,120,5,4,1.097253040386415,33.29560536765346
825,CUST825,Female,46,0,1,25,25,8,5,1.3060934044068844,26.439042535411307
826,CUST826,Female,46,1,1,300,300,10,3,1.8797834246191407,303.636255989899
827,CUST827,Male,61,0,3,300,900,11,3,1.0195189915489418,245.03414681179638
828,CUST828,Female,33,2,4,300,1200,12,5,1.0204298028443415,356.218653311326
829,CUST829,Male,61,0,3,30,90,7,4,1.6062518721646226,33.58457029985489
830,CUST830,Female,64,1,3,50,150,6,3,1.1783269113347108,45.856440734019294
831,CUST831,Male,27,2,4,25,100,1,6,0.8369072344099729,29.799703293588507
832,CUST832,Male,47,0,4,500,2000,9,0,1.17865927419904,520.3763179272645
833,CUST833,Male,42,0,4,50,200,6,4,0.7112855305696998,51.648453164144925
834,CUST834,Female,56,0,2,30,60,4,1,0.764580479759335,32.97687815315439
835,CUST835,Male,37,1,4,50,200,9,3,1.2475516591092197,56.23539576180276
836,CUST836,Female,22,1,1,50,50,4,2,1.1283881742568218,53.12957214663005
837,CUST837,Male,18,0,3,30,90,7,5,1.8722688516021502,25.5371489563944
838,CUST838,Male,47,2,2,300,600,5,5,1.0435908486749497,280.59210071933984
839,CUST839,Female,20,2,4,300,1200,6,5,1.3708825254170651,351.37003683912593
840,CUST840,Male,62,1,2,25,50,5,2,1.4483964318792957,22.24615611843852
841,CUST841,Male,31,2,4,25,100,11,3,0.5196416848825005,23.721670238375133
842,CUST842,Female,47,1,2,300,600,12,1,1.4953060580250659,291.8492259533035
843,CUST843,Male,21,0,3,500,1500,5,0,0.7670539503046272,487.88099793889046
844,CUST844,Male,35,1,3,50,150,10,3,1.9416054762041828,52.25879164989051
845,CUST845,Male,54,1,1,500,500,1,4,0.7229940916296694,588.6151675489415
846,CUST846,Male,42,0,1,50,50,9,4,1.1219361855905357,44.8138542366501
847,CUST847,Female,18,2,4,300,1200,4,5,0.6280245021179658,254.58016515611018
848,CUST848,Female,63,1,3,25,75,2,0,1.995311377768921,21.974704898599374
849,CUST849,Male,32,1,2,25,50,5,3,1.253292515496864,28.869249002092694
850,CUST850,Female,26,0,2,500,1000,7,4,1.3930775259800656,529.1621625310412
851,CUST851,Male,32,2,2,25,50,9,4,0.6006147160826412,22.8590678923916
852,CUST852,Female,41,1,1,300,300,10,3,1.6249407055987666,337.91363267623404
853,CUST853,Male,21,0,2,500,1000,5,3,0.8148583896433786,572.2739992726872
854,CUST854,Male,29,1,1,50,50,12,2,1.8470814341610706,56.93028677380556
855,CUST855,Male,54,0,1,25,25,9,4,0.8077094607230108,29.189265336395543
856,CUST856,Male,54,2,4,30,120,11,0,0.7860315809954999,27.02689224208034
857,CUST857,Male,60,2,2,25,50,12,6,0.5548245017721423,27.55041928746278
858,CUST858,Male,23,2,2,50,100,9,5,1.208100417664999,49.2107899454828
859,CUST859,Female,56,2,3,500,1500,8,4,1.3472616998939246,568.3997105780123
860,CUST860,Male,63,1,4,50,200,1,0,0.5985629591425286,54.56981354323226
861,CUST861,Female,41,1,3,30,90,2,4,1.663291425042516,33.3173693579967
862,CUST862,Male,28,2,4,300,1200,5,2,1.1799332521220414,318.73942052172856
863,CUST863,Female,30,2,2,25,50,4,0,1.28658540399137,21.77428769469707
864,CUST864,Female,51,2,1,500,500,7,3,1.1611441204073423,509.00538377938767
865,CUST865,Female,42,1,1,300,300,12,3,1.101144591312989,358.160368742941
866,CUST866,Male,24,2,1,50,50,5,4,1.3394604969623267,58.74776132994237
867,CUST867,Male,21,2,1,500,500,6,1,0.7328603688960688,408.63474715940237
868,CUST868,Female,25,2,1,300,300,12,2,0.7728921957429067,259.77777788753247
869,CUST869,Male,37,0,3,500,1500,10,2,1.792678431520276,426.34575469091243
870,CUST870,Female,46,2,4,30,120,7,5,1.9191731932004492,32.711758919823545
871,CUST871,Male,62,0,2,30,60,8,3,1.0599639744196294,33.81342395828334
872,CUST872,Female,63,0,3,25,75,10,2,0.9061170097153306,22.135113663106722
873,CUST873,Female,27,2,4,25,100,9,4,1.4659993148585237,25.058526929518287
874,CUST874,Male,60,0,1,30,30,6,0,1.1131012566471445,34.0884363361344
875,CUST875,Female,51,2,4,500,2000,8,6,0.5380795334905173,546.5603089532501
876,CUST876,Male,43,1,4,30,120,10,0,0.7342288960492855,30.506846465902182
877,CUST877,Female,58,1,1,25,25,6,0,1.5739583432710962,25.90347690458773
878,CUST878,Female,20,1,1,30,30,6,4,1.488385912865227,30.10032656299536
879,CUST879,Male,23,1,1,30,30,12,1,0.5406439887552252,27.570581415825846
880,CUST880,Male,22,0,2,500,1000,8,0,0.8329582428994242,513.0043985718032
881,CUST881,Male,22,2,1,300,300,5,4,0.846612194882107,322.6662362460109
882,CUST882,Female,64,2,2,25,50,6,1,1.5078391153980926,28.733229158608076
883,CUST883,Male,40,2,1,500,500,5,1,0.5295658066315463,527.2582707958496
884,CUST884,Female,26,1,2,30,60,4,5,0.6561628729768607,33.1334584445179
885,CUST885,Female,52,1,4,30,120,3,4,1.699874128059784,25.920859619454877
886,CUST886,Male,37,2,3,300,900,4,6,0.7678169930815004,295.3868969303748
887,CUST887,Male,59,1,4,25,100,6,6,1.479119161777812,20.093316198270934
888,CUST888,Female,52,2,4,25,100,3,4,0.8572741715700898,22.466788645216234
889,CUST889,Female,35,2,1,50,50,10,0,0.6491620891390177,54.5292343022601
890,CUST890,Male,34,2,2,25,50,12,2,0.8647582864991812,29.918099513493633
891,CUST891,Male,41,2,3,300,900,4,2,1.5834003977834887,251.90137195046594
892,CUST892,Male,20,2,1,50,50,4,6,1.7835447021594286,48.02988631722577
893,CUST893,Male,49,2,1,50,50,4,4,1.7453297968504873,56.00141937398318
894,CUST894,Male,52,2,1,30,30,9,1,1.0957752944276822,26.448427615546787
895,CUST895,Female,55,1,4,30,120,5,0,1.5021277048559694,30.661019391627438
896,CUST896,Female,30,2,2,25,50,10,6,0.8074764431237315,27.33071296029675
897,CUST897,Female,64,2,2,50,100,9,1,0.9397215953915199,52.31970900520358
898,CUST898,Female,42,1,3,30,90,11,3,1.8445037277816796,26.256296815384996
899,CUST899,Male,26,1,2,300,600,5,3,0.5195028852661041,282.64614824228875
900,CUST900,Male,21,1,2,30,60,2,1,0.6282627962817021,33.405501413824766
901,CUST901,Male,31,2,1,30,30,4,0,0.811829382719041,30.650718169584195
902,CUST902,Female,54,0,1,50,50,6,3,0.5397983058107296,40.104592270858255
903,CUST903,Female,51,0,4,50,200,4,3,0.772153152634696,55.219815200561875
904,CUST904,Male,28,1,1,500,500,7,1,1.3745623414545383,407.0622709880478
905,CUST905,Male,58,0,1,300,300,4,6,1.132136825888747,329.48805392774784
906,CUST906,Female,20,1,1,50,50,6,6,1.8390075666154622,44.04961120330475
907,CUST907,Female,45,2,1,25,25,1,6,1.7261653426076613,29.5807348011938
908,CUST908,Male,46,0,4,300,1200,12,4,1.012726027546814,284.1528901562501
909,CUST909,Male,26,2,1,300,300,10,6,0.8891351501469387,279.23179396056946
910,CUST910,Female,20,0,3,50,150,3,0,1.0695386122509003,42.9777610066489
911,CUST911,Male,42,2,3,300,900,5,6,1.3854424137722117,276.6725058588258
912,CUST912,Male,51,0,3,50,150,1,1,0.9020954612343144,57.53301523656401
913,CUST913,Male,29,2,3,30,90,1,5,1.436223361773701,35.95601205152697
914,CUST914,Female,59,2,1,500,500,10,2,1.1141174782868606,473.66190610136965
915,CUST915,Female,26,0,3,30,90,5,1,1.3280707712779702,29.383327571454508
916,CUST916,Female,32,2,1,50,50,12,6,1.154189793702975,54.44141876405474
917,CUST917,Female,57,2,4,50,200,3,0,0.9416986393128766,57.72391560930149
918,CUST918,Female,42,2,3,30,90,11,3,1.922679960443235,31.11653201024141
919,CUST919,Female,22,0,2,25,50,9,5,1.6454086912396413,23.915256981778292
920,CUST920,Female,28,0,3,25,75,2,2,0.7101697636496789,24.12621840848624
921,CUST921,Male,51,2,3,25,75,1,5,1.8027019638468693,26.956181464968065
922,CUST922,Male,41,2,1,50,50,10,5,1.2311467973742705,40.06436527208558
923,CUST923,Male,32,0,3,300,900,5,4,1.841828340341137,314.3507204951809
924,CUST924,Male,55,0,2,50,100,8,1,1.6997828839209728,47.10986020882715
925,CUST925,Male,25,2,1,300,300,9,6,1.1378202567038502,335.3036797532501
926,CUST926,Male,22,2,1,30,30,8,0,0.533703962480176,25.115887677877588
927,CUST927,Male,43,2,4,500,2000,6,5,0.9030160390774191,517.6404533896781
928,CUST928,Female,35,1,4,300,1200,4,2,1.3124513219913003,297.71674678633485
929,CUST929,Female,23,0,3,25,75,1,4,1.450217329739221,26.423255259052276
930,CUST930,Male,54,1,4,50,200,5,2,0.8868315281498034,41.29707188965937
931,CUST931,Male,30,0,4,30,120,9,5,0.7090341111092362,30.959805449137573
932,CUST932,Female,45,0,4,25,100,2,1,1.7523953551989486,25.614845879595237
933,CUST933,Male,22,0,1,30,30,2,4,1.9766032710553283,30.727921132994055
934,CUST934,Male,30,0,1,500,500,7,1,1.2885352734540287,520.6975333192909
935,CUST935,Female,34,0,1,50,50,9,5,0.7575189287724553,53.529358744527244
936,CUST936,Male,57,0,4,50,200,2,1,0.9084609897790534,56.09977999361539
937,CUST937,Female,62,0,1,500,500,10,0,0.5275860148212002,453.9641440256429
938,CUST938,Male,49,1,4,50,200,11,6,1.8714482098407486,56.500988203601246
939,CUST939,Female,46,2,1,300,300,12,0,0.6766266243352117,299.7906818716144
940,CUST940,Female,20,2,1,30,30,1,5,1.3647747132713803,24.924699349611974
941,CUST941,Female,57,1,2,25,50,3,6,0.911082831030809,20.585509292439795
942,CUST942,Male,51,1,3,500,1500,3,5,1.3312670037736902,466.8476637392122
943,CUST943,Female,57,1,4,300,1200,10,0,1.4771305825277963,334.18763725337607
944,CUST944,Male,44,1,2,25,50,6,0,1.7446127055608025,27.07680934740916
945,CUST945,Male,30,0,1,25,25,2,0,0.8096319076409049,27.88614964672406
946,CUST946,Male,62,2,4,500,2000,5,0,0.5164937429877208,503.4538112883219
947,CUST947,Male,50,0,1,300,300,3,3,0.7053284451032109,292.8238797546589
948,CUST948,Female,23,2,3,25,75,10,4,1.8500279627721576,21.47452526706284
949,CUST949,Female,41,2,2,25,50,8,2,1.8108351163437728,23.281927536093118
950,CUST950,Male,36,1,3,300,900,11,1,1.3961196532554625,292.082323940865
951,CUST951,Male,33,0,2,50,100,11,3,1.40077529065048,41.772008593592346
952,CUST952,Female,57,1,1,25,25,11,0,1.4975550118193832,22.206119527112115
953,CUST953,Male,45,0,3,30,90,4,2,0.7630569179351744,31.178703528764864
954,CUST954,Female,50,2,3,300,900,9,0,1.8716179188874396,328.27957370870274
955,CUST955,Male,58,1,1,25,25,7,4,1.1281557873381096,29.983475113929494
956,CUST956,Male,30,1,3,500,1500,8,5,1.0747077923742463,586.6226662687116
957,CUST957,Female,60,2,4,30,120,8,1,1.2783765579242563,31.710782394422303
958,CUST958,Male,62,2,2,25,50,6,4,0.5704489501625826,24.21248053294072
959,CUST959,Female,42,2,2,30,60,10,6,0.7494250531341191,31.63412837649879
960,CUST960,Male,59,1,2,30,60,8,1,1.6070504246395556,33.427819416962784
961,CUST961,Male,53,0,4,50,200,6,1,0.6241980018876897,42.36672381846775
962,CUST962,Male,44,1,2,30,60,10,3,1.4047281641995824,28.91885867635546
963,CUST963,Female,55,0,1,50,50,11,1,0.8680236645219814,56.79604571271234
964,CUST964,Male,24,1,3,300,900,1,1,1.0839434210629648,286.05995423196526
965,CUST965,Male,22,1,4,50,200,11,3,0.9330406051560498,51.437445424543725
966,CUST966,Male,60,2,2,500,1000,2,0,1.0335090746974238,517.5538721724397
967,CUST967,Male,62,0,1,25,25,4,0,1.5785688577763684,21.844762531336396
968,CUST968,Female,48,1,3,300,900,11,4,0.9456825734347625,283.4682529982746
969,CUST969,Female,40,1,3,300,900,4,2,1.3496069604453458,280.1413546490319
970,CUST970,Male,59,2,4,500,2000,5,1,1.2140756032986495,405.239341706413
971,CUST971,Female,27,2,4,50,200,12,1,1.4955067480439723,40.483835277827104
972,CUST972,Male,49,0,4,25,100,2,5,1.9052446089871369,28.31697043675773
973,CUST973,Male,60,1,1,50,50,3,2,1.5988581458153754,45.46141619945625
974,CUST974,Male,47,0,1,30,30,5,2,0.8224105678861351,30.216945194865787
975,CUST975,Female,56,1,4,50,200,3,3,0.546774702591927,45.97451147177546
976,CUST976,Female,48,0,2,300,600,10,1,0.8933960664497376,352.8815094138409
977,CUST977,Female,35,2,3,25,75,2,2,1.3926168960503822,22.59296758865774
978,CUST978,Female,53,1,3,50,150,3,2,0.5771387202263756,48.5931362547787
979,CUST979,Female,19,0,1,25,25,1,0,1.2445493708018545,28.72730250484602
980,CUST980,Female,31,2,3,25,75,7,5,1.3952642733753338,28.419335667918087
981,CUST981,Female,30,2,2,30,60,8,5,1.0013658362254412,26.23321701415533
982,CUST982,Female,46,0,3,30,90,12,1,1.6563683056187328,33.63171971754853
983,CUST983,Female,29,1,1,300,300,11,2,0.6598973797006578,294.9824264085471
984,CUST984,Male,56,1,1,500,500,8,1,0.6127066726037131,496.593774417071
985,CUST985,Female,19,2,2,25,50,5,1,1.5922831343054051,21.33479972415944
986,CUST986,Female,49,1,2,500,1000,1,1,1.2432369743092977,416.12030275142496
987,CUST987,Female,30,1,3,300,900,4,5,1.5326035946416041,327.3527168368518
988,CUST988,Female,63,1,3,25,75,5,6,1.1522410079056193,24.964611523553
989,CUST989,Female,44,2,1,25,25,12,3,0.8696030498586602,24.368507026151796
990,CUST990,Female,58,0,2,500,1000,5,3,1.7286534765112995,545.9016457304792
991,CUST991,Female,34,1,2,50,100,12,1,1.699123818453469,55.3102579798222
992,CUST992,Female,57,2,2,30,60,8,0,1.54204470628164,25.906898012032244
993,CUST993,Female,48,2,3,50,150,2,0,0.9082177058449441,52.20450298955283
994,CUST994,Female,51,0,2,500,1000,12,0,1.3853460003036306,427.0708164555371
995,CUST995,Female,41,1,1,30,30,4,6,1.0414608454100402,33.01650103234854
996,CUST996,Male,62,1,1,50,50,5,1,0.6373731099899512,53.13910312534279
997,CUST997,Male,52,0,3,30,90,11,4,1.8759703631933642,35.479375453001495
998,CUST998,Female,23,0,4,25,100,10,6,0.7052279463784421,20.689580163564216
999,CUST999,Female,36,2,3,50,150,12,1,1.9253560307312036,41.14109442302509
1000,CUST1000,Male,47,2,4,30,120,4,2,1.1690086594369336,27.386244896318402
